PDB_target	PDB_subject	query_target	match	subject	eval	filter1_flag	filter2_flag	filter3_flag	hit_i	contact_subject_ag	contact_subject_ab	target_resid_ag	target_resid_ab	cross_ab_avail	exact_match_i	len_exact_match	RMSD_motifs	TM_score	RMSD_pval	RMSD_ZSCORE	PPI_target	PPI_subject
7T9J	1V7N	TQLPP	TQLPP	TQLPP	1163.19	True	True	True	3,4	Z:112,Z:113	K:101,O:48	A:24,A:25	None,None	False	0,4	5	1.01	0.69466	0.1177741370489902	-1.1861874681855127	7T9J_A	1V7N_KO_Z
7T9J	1V7N	TQLPP	TQLPP	TQLPP	1163.19	True	True	True	3,4	Z:112,Z:113	K:101,O:48	B:24,B:25	None,None	False	0,4	5	0.9	0.7169399999999999	0.0930536140302951	-1.3221829774120306	7T9J_B	1V7N_KO_Z
7T9J	1V7N	TQLPP	TQLPP	TQLPP	1163.19	True	True	True	3,4	Z:112,Z:113	K:101,O:48	C:24,C:25	None,None	False	0,4	5	1.03	0.67435	0.1227283139515245	-1.161455701940318	7T9J_C	1V7N_KO_Z
7T9J	6PE8	ESEF	ESEF	ESEF	18604.3	True	True	True	2	U:65	A:53	A:155	None	False	0,3	4	0.22	0.8514200000000001	0.056042904723505815	-1.5888874305523355	7T9J_A	6PE8_AB_U
7T9J	6PE8	ESEF	ESEF	ESEF	18604.3	True	True	True	2	U:65	A:53	B:155	None	False	0,3	4	0.25	0.81033	0.06086225410386603	-1.547575606538175	7T9J_B	6PE8_AB_U
7T9J	6PE8	ESEF	ESEF	ESEF	18604.3	True	True	True	2	U:65	A:53	C:155	None	False	0,3	4	0.28	0.7685	0.06600045455556902	-1.506258180493936	7T9J_C	6PE8_AB_U
7T9J	6FN1	FPNITNXCPFGE	  NITN     +	MSNITNRSDIND	713922.0	True	True	True	4	A:91	C:59	A:332	None	False	2,5	4	0.0	1.0	0.029268445755935235	-1.8916555338450227	7T9J_A	6FN1_CB_A
7T9J	6FN1	FPNITNXCPFGE	  NITN     +	MSNITNRSDIND	713922.0	True	True	True	4	A:91	C:59	B:332	None	False	2,5	4	0.0	1.0	0.029268445755935235	-1.8916555338450227	7T9J_B	6FN1_CB_A
7T9J	6FN1	FPNITNXCPFGE	  NITN     +	MSNITNRSDIND	713922.0	True	True	True	4	A:91	C:59	C:332	None	False	2,5	4	0.48	0.56409	0.1092219421078886	-1.2306764906510912	7T9J_C	6FN1_CB_A
7T9J	6WEQ	NLVK	NLVK	NLVK	41781.8	True	True	True	2,3	D:345,D:346	L:34,L:32	A:533,A:534	None,None	False	0,3	4	0.42	0.59096	0.09452850689261538	-1.3133738229623362	7T9J_A	6WEQ_KL_D
7T9J	6WEQ	NLVK	NLVK	NLVK	41781.8	True	True	True	2,3	D:345,D:346	L:34,L:32	B:533,B:534	None,None	False	0,3	4	0.45	0.56455	0.10168168111595921	-1.2720274616264866	7T9J_B	6WEQ_KL_D
7T9J	6WEQ	NLVK	NLVK	NLVK	41781.8	True	True	True	2,3	D:345,D:346	L:34,L:32	C:533,C:534	None,None	False	0,3	4	0.38	0.63369	0.0855786123248985	-1.3684948764771419	7T9J_C	6WEQ_KL_D
7V7N	1V7N	TQLPP	TQLPP	TQLPP	1163.19	True	True	True	3,4	Z:112,Z:113	K:101,O:48	A:24,A:25	None,None	False	0,4	5	0.58	0.48778	0.04294548725471914	-1.7174829092885457	7V7N_A	1V7N_KO_Z
7V7N	1V7N	TQLPP	TQLPP	TQLPP	1163.19	True	True	True	3,4	Z:112,Z:113	K:101,O:48	B:24,B:25	None,None	False	0,4	5	0.58	0.53546	0.04294548725471914	-1.7174829092885457	7V7N_B	1V7N_KO_Z
7V7N	1V7N	TQLPP	TQLPP	TQLPP	1163.19	True	True	True	3,4	Z:112,Z:113	K:101,O:48	C:24,C:25	None,None	False	0,4	5	0.54	0.50903	0.038626094762922114	-1.766856942545281	7V7N_C	1V7N_KO_Z
7V7N	6PE8	ESEF	ESEF	ESEF	18604.3	True	True	True	2	U:65	A:53	A:155	None	False	0,3	4	0.67	0.37622	0.16635004337093118	-0.9686895926418617	7V7N_A	6PE8_AB_U
7V7N	6PE8	ESEF	ESEF	ESEF	18604.3	True	True	True	2	U:65	A:53	B:155	None	False	0,3	4	0.88	0.26328	0.24858074361219762	-0.6789627140594677	7V7N_B	6PE8_AB_U
7V7N	6PE8	ESEF	ESEF	ESEF	18604.3	True	True	True	2	U:65	A:53	C:155	None	False	0,3	4	0.87	0.25886	0.24422934299967247	-0.6927623777889302	7V7N_C	6PE8_AB_U
7V7N	6FN1	FPNITNXCPFGE	  NITN     +	MSNITNRSDIND	713922.0	True	True	True	4	A:91	C:59	A:330	None	False	2,5	4	0.44	0.66657	0.09925467195461013	-1.2858101016193482	7V7N_A	6FN1_CB_A
7V7N	6FN1	FPNITNXCPFGE	  NITN     +	MSNITNRSDIND	713922.0	True	True	True	4	A:91	C:59	B:330	None	False	2,5	4	0.47	0.55845	0.10666503646042025	-1.244460650617019	7V7N_B	6FN1_CB_A
7V7N	6FN1	FPNITNXCPFGE	  NITN     +	MSNITNRSDIND	713922.0	True	True	True	4	A:91	C:59	C:330	None	False	2,5	4	0.54	0.49333	0.12549226672538782	-1.1479613166528133	7V7N_C	6FN1_CB_A
7V7N	6WEQ	NLVK	NLVK	NLVK	41781.8	True	True	True	2,3	D:345,D:346	L:34,L:32	A:531,A:532	None,None	False	0,3	4	0.49	0.51731	0.11182268628628789	-1.2168918350798394	7V7N_A	6WEQ_KL_D
7V7N	6WEQ	NLVK	NLVK	NLVK	41781.8	True	True	True	2,3	D:345,D:346	L:34,L:32	B:531,B:532	None,None	False	0,3	4	0.36	0.67132	0.08134940025183568	-1.3960521203446195	7V7N_B	6WEQ_KL_D
7V7N	6WEQ	NLVK	NLVK	NLVK	41781.8	True	True	True	2,3	D:345,D:346	L:34,L:32	C:531,C:532	None,None	False	0,3	4	0.5	0.50827	0.1144675185428925	-1.203106689431116	7V7N_C	6WEQ_KL_D
7LYM	6FN1	FPNITNXCPFGE	  NITN     +	MSNITNRSDIND	713922.0	True	True	True	4	A:91	C:59	A:332	None	False	2,5	4	0.77	0.30541	0.2030594903614258	-0.8307427318346428	7LYM_A	6FN1_CB_A
7LYM	6FN1	FPNITNXCPFGE	  NITN     +	MSNITNRSDIND	713922.0	True	True	True	4	A:91	C:59	B:332	None	False	2,5	4	0.64	0.38729	0.15623176568930597	-1.0100662900888417	7LYM_B	6FN1_CB_A
7LYM	6FN1	FPNITNXCPFGE	  NITN     +	MSNITNRSDIND	713922.0	True	True	True	4	A:91	C:59	C:332	None	False	2,5	4	0.81	0.38779	0.21900609672839488	-0.7755542984813127	7LYM_C	6FN1_CB_A
7LYM	6WEQ	NLVK	NLVK	NLVK	41781.8	True	True	True	2,3	D:345,D:346	L:34,L:32	A:533,A:534	None,None	False	0,3	4	0.47	0.55669	0.10666503646042025	-1.244460650617019	7LYM_A	6WEQ_KL_D
7LYM	6WEQ	NLVK	NLVK	NLVK	41781.8	True	True	True	2,3	D:345,D:346	L:34,L:32	B:533,B:534	None,None	False	0,3	4	0.34	0.69535	0.07728011727589779	-1.4236071167785291	7LYM_B	6WEQ_KL_D
7LYM	6WEQ	NLVK	NLVK	NLVK	41781.8	True	True	True	2,3	D:345,D:346	L:34,L:32	C:533,C:534	None,None	False	0,3	4	0.35	0.67103	0.0792949574426931	-1.4098299022479306	7LYM_C	6WEQ_KL_D
