PDB_target	PDB_subject	query_target	match	subject	hit_i	contact_subject_ag	contact_subject_ab	target_resid_ag	target_resid_ab	cross_ab_avail	exact_match_i	len_exact_match	RMSD_motifs	TM_score	RMSD_pval	RMSD_ZSCORE	PPI_target	PPI_subject	score_subject_subject	score_target_subject	pval_target_subject	zscore_target_subject	pval_subject_subject	antigen_name	organism	authors
7V7N	1V7N	TQLPP	TQLPP	TQLPP	3,4	Z:112,Z:113	K:101,O:48	C:24,C:25	None,None	False	0,4	5	0.54	0.50903	0.038626094762922114	-1.7668569425452811	7V7N_C	1V7N_KO_Z	2.056213140487671	1.5779143571853638	0.0213786924877003	-2.0260722142725025	0.06224406276230821	thrombopoietin	MUS MUSCULUS; HOMO SAPIENS	Feese, M.D., Tamada, T., Kato, Y., Maeda, Y., Hirose, M., Matsukura, Y., Shigematsu, H., Kato, T., Miyazaki, H., Kuroki, R.
7LYM	6FN1	FPNITNXCPFGE	  NITN     +	MSNITNRSDIND	4	A:91	C:59	C:332	None	False	2,5	4	0.81	0.38779	0.21900609672839488	-0.7755542984813127	7LYM_C	6FN1_CB_A	1.5549296140670776	1.7371912002563477	0.031224289424868882	-1.8630972943286148	0.02020287762446293	human-mouse chimeric abcb1 (abcbhm)	HOMO SAPIENS; MUS MUSCULUS	Alam, A., Locher, K.P.
7T9J	1V7N	TQLPP	TQLPP	TQLPP	3,4	Z:112,Z:113	K:101,O:48	B:24,B:25	None,None	False	0,4	5	0.9	0.7169399999999999	0.0930536140302951	-1.3221829774120306	7T9J_B	1V7N_KO_Z	2.056213140487671	1.8296434879302976	0.0384949569264349	-1.7684247986021435	0.06224406276230821	thrombopoietin	MUS MUSCULUS; HOMO SAPIENS	Feese, M.D., Tamada, T., Kato, Y., Maeda, Y., Hirose, M., Matsukura, Y., Shigematsu, H., Kato, T., Miyazaki, H., Kuroki, R.
7V7N	6FN1	FPNITNXCPFGE	  NITN     +	MSNITNRSDIND	4	A:91	C:59	C:330	None	False	2,5	4	0.54	0.49333	0.12549226672538782	-1.1479613166528129	7V7N_C	6FN1_CB_A	1.5549296140670776	1.9843671321868896	0.0537127633260257	-1.6098732646588032	0.02020287762446293	human-mouse chimeric abcb1 (abcbhm)	HOMO SAPIENS; MUS MUSCULUS	Alam, A., Locher, K.P.
7T9J	6FN1	FPNITNXCPFGE	  NITN     +	MSNITNRSDIND	4	A:91	C:59	C:332	None	False	2,5	4	0.48	0.56409	0.1092219421078886	-1.2306764906510912	7T9J_C	6FN1_CB_A	1.5549296140670776	2.140023708343506	0.07349650634770799	-1.4502349473467715	0.02020287762446293	human-mouse chimeric abcb1 (abcbhm)	HOMO SAPIENS; MUS MUSCULUS	Alam, A., Locher, K.P.
7T9J	6PE8	ESEF	ESEF	ESEF	2	U:65	A:53	A:155	None	False	0,3	4	0.22	0.8514200000000001	0.056042904723505815	-1.5888874305523355	7T9J_A	6PE8_AB_U	2.506044864654541	2.3909831047058105	0.11651061038893727	-1.1926123655025038	0.14132000513331666	tumor necrosis factor receptor superfamily member 5	HOMO SAPIENS	Argiriadi, M.A.
7V7N	6PE8	ESEF	ESEF	ESEF	2	U:65	A:53	B:155	None	False	0,3	4	0.88	0.26328	0.2485807436121976	-0.6789627140594677	7V7N_B	6PE8_AB_U	2.506044864654541	2.875746011734009	0.2437440699670508	-0.6943094914466995	0.14132000513331666	tumor necrosis factor receptor superfamily member 5	HOMO SAPIENS	Argiriadi, M.A.
7V7N	6WEQ	NLVK	NLVK	NLVK	2,3	D:345,D:346	L:34,L:32	C:531,C:532	None,None	False	0,3	4	0.5	0.50827	0.1144675185428925	-1.203106689431116	7V7N_C	6WEQ_KL_D	1.5158857107162476	2.9397869110107417	0.2648611112168812	-0.6284301024429831	0.018331586349452974	non-structural protein 1	DENGUE VIRUS 1; MUS MUSCULUS	Akey, D.L., Smith, J.L.
7T9J	6WEQ	NLVK	NLVK	NLVK	2,3	D:345,D:346	L:34,L:32	C:533,C:534	None,None	False	0,3	4	0.38	0.63369	0.0855786123248985	-1.368494876477142	7T9J_C	6WEQ_KL_D	1.5158857107162476	3.1514220237731934	0.340660053536786	-0.41066239200566096	0.018331586349452974	non-structural protein 1	DENGUE VIRUS 1; MUS MUSCULUS	Akey, D.L., Smith, J.L.
7LYM	6WEQ	NLVK	NLVK	NLVK	2,3	D:345,D:346	L:34,L:32	C:533,C:534	None,None	False	0,3	4	0.35	0.67103	0.0792949574426931	-1.4098299022479306	7LYM_C	6WEQ_KL_D	1.5158857107162476	4.458127498626709	0.8248545181345752	0.9340250650461096	0.018331586349452974	non-structural protein 1	DENGUE VIRUS 1; MUS MUSCULUS	Akey, D.L., Smith, J.L.
